{
  "project_info": {
    "project_number": "600666165412",
    "project_id": "thapp-514a7",
    "storage_bucket": "thapp-514a7.appspot.com"
  },
  "client": [
    {
      "client_info": {
        "mobilesdk_app_id": "1:600666165412:android:dfab007b1b76cf1180d631",
        "android_client_info": {
          "package_name": "com.example.th_app"
        }
      },
      "oauth_client": [],
      "api_key": [
        {
          "current_key": "AIzaSyCRtDGbDaykQqqFzpGZJ0sAV4jLFjteBrw"
        }
      ],
      "services": {
        "appinvite_service": {
          "other_platform_oauth_client": []
        }
      }
    }
  ],
  "configuration_version": "1"
}